10|https://23.179.17.92:5067/|Download More RAM!|2026-04-18 07:07:26|1
9|https://www.bing.com/search?q=free+ram+for+me&cvid=127dec74021041bea983737016d5ec16&aqs=edge..69i57j0l6.2601j0j1&pglt=2083&FORM=ANNTA1&PC=U531|free ram for me - Search|2026-04-18 07:07:00|1
7|http://ctf.cyber-cit.club/|CTF@CIT|2026-04-18 07:06:50|1
8|https://ctf.cyber-cit.club/|CTF@CIT|2026-04-18 07:06:50|1
6|https://downloadmoreram.com/|DownloadMoreRAM.com - CloudRAM 3.0 | AI-Powered Memory|2026-04-18 07:05:40|1
4|https://www.bing.com/search?q=download+more+ram&cvid=2f12a0df0d1e41cc97cc592f98b504e6&aqs=edge.0.0l6.2518j0j1&qs=LS&pq=download+more+r&sk=CSYN1&sc=12-15&pglt=2083&FORM=ANNTA1&PC=U531|https://www.bing.com/search?q=download+more+ram&cvid=2f12a0df0d1e41cc97cc592f98b504e6&aqs=edge.0.0l6.2518j0j1&qs=LS&pq=download+more+r&sk=CSYN1&sc=12-15&pglt=2083&FORM=ANNTA1&PC=U531|2026-04-18 07:05:38|2
5|https://www.bing.com/ck/a?!&&p=f1f245988a2249f2d959bde7e9f06ac35088a26a4c306f8407b53917ace238a6JmltdHM9MTc3NjQ3MDQwMA&ptn=3&ver=2&hsh=4&fclid=37176962-1186-624c-03cc-7e5d10056304&psq=download+more+ram&u=a1aHR0cHM6Ly9kb3dubG9hZG1vcmVyYW0uY29tLw&ntb=1||2026-04-18 07:05:38|1
3|https://www.bing.com/search?q=is+there+a+way+i+can+get+download+ram&cvid=db22907dff914f95b5ac55bdf9d2948a&aqs=edge..69i57j0l6.7227j0j1&pglt=2083&FORM=ANNTA1&PC=U531|is there a way i can get download ram - Search|2026-04-18 07:04:11|1
2|https://www.bing.com/search?q=ram+for+free&cvid=1c32455f94364bf3bbe046ca124e1c1c&aqs=edge.0.0l6.2961j0j1&qs=UT&pq=ram+for+fre&sk=CSYN1&sc=9-11&pglt=2083&FORM=ANNTA1&PC=U531|ram for free - Search|2026-04-18 07:03:57|1
1|https://www.bing.com/search?q=how+do+i+download+more+ram&cvid=622bf62a75604faa8b5e31fe435177f6&aqs=edge..69i57j0l6.4216j0j1&FORM=ANNTA1&PC=U531|how do i download more ram - Search|2026-04-18 07:03:47|1
